,names:,correlation,values_count
244,purchase_requisition_id,1.0000000000000002,68
243,purchase_requisition_line_id,1.0,68
241,sale_order_line_id,1.0,68
137,sale_order_id,0.9999999999999999,68
25,date_order,0.9997752423000097,277
135,res_name,0.9996954396771652,210
246,purchase_order_line_id,0.999692679773924,210
245,ir_attachment_id,0.9996765932807121,257
136,attachment_id,0.9996765932807119,257
162,purchase_order_id,0.9996732752856394,257
122,mail_mail_id,0.9996723030963546,513
2,sniff_time,0.9995981198283963,26006
237,message_id_1,0.9995956388594276,893
42,mail_followers_id,0.9995477885355561,532
247,stock_move_id,0.9976068931187283,48
146,origin,0.9976068931187274,48
190,number,0.9976068931187272,48
187,move_name,0.9976068931187272,48
199,invoice_id,0.9976068931187272,48
153,date_expected,0.9976068931187272,48
254,account_move_id,0.9976068931187272,48
141,group_id,0.9976068931187272,48
252,account_invoice_line_id,0.9976068931187272,48
177,date_done,0.9976068931187272,48
206,ref,0.9976068931187271,48
157,purchase_line_id,0.9976068931187267,48
248,stock_move_line_id,0.9976046806004436,48
201,account_invoice_id,0.997571335528336,95
253,account_move_line_id,0.9974849724006886,95
150,new_value_datetime,0.997437505751326,95
53,date,0.972325403439797,1212
66,mail_message_id,0.9534161023468366,881
112,parent_id,0.9485836489871937,304
106,date_planned,0.9354677575921044,276
121,scheduled_date,0.9305407307723815,95
184,date_invoice,0.8244276485713169,3
139,date_approve,0.8244276485713169,3
228,payment_date,0.8244276485713169,3
154,picking_id,0.7438998125940254,48
163,stock_picking_id,0.7438683695472965,95
125,datas_fname,0.7176005908943146,257
239,message_id_3,0.6743152044191444,304
4,synthetic_sniff_time,0.6096234706984547,26006
5,synthetic_sniff_time_str,0.6096234706984547,26006
59,record_name,0.5981405892476744,351
77,order_id,0.5320326868346766,268
164,reference,0.5189710712221751,95
61,subject,0.41359846389030047,465
175,remaining_qty,0.2655037150892464,4
176,qty_received,0.2655037150892464,4
173,value,0.25188445318353964,32
211,date_maturity,0.23318490216703086,6
102,product_qty,0.1848593422352373,8
160,move_id,0.176998699347604,76
82,product_uom_qty,0.17520191797971096,8
233,payment_term_id,0.17308323999640396,3
26,name,0.16269761740546818,769
117,body_html,0.1405560915357087,255
203,date_due,0.134756418724853,6
172,in_date,0.127876465626318,18
96,qty_to_invoice,0.10656905337921674,5
169,price,0.10256911656915846,6
0,FileName,0.1004683520627218,459
78,price_unit,0.09806394818508353,28
166,qty_done,0.09077506174680795,5
216,amount,0.08764126099614435,12
251,stock_quant_id,0.0868888073766961,35
94,price_reduce_taxexcl,0.07345194473708483,6
95,price_reduce_taxinc,0.07345194473708483,6
86,price_reduce,0.07345194473708483,6
40,res_id,0.06822516564233165,587
198,commercial_partner_id,0.058171925339787024,6
99,untaxed_amount_to_invoice,0.05406345241391407,9
145,location_id,0.04369771201803016,3
197,vendor_display_name,0.04156825561008674,6
202,price_subtotal_signed,0.037621076248406556,12
174,remaining_value,0.03762107624840617,12
250,product_product_id,0.030689938112621773,17
129,file_size,0.02735509789883825,131
238,message_id_2,0.02032472503531156,2268
195,amount_total_signed,0.019986076502374002,13
196,amount_total_company_signed,0.019986076502374002,13
194,amount_untaxed_signed,0.019986076502374002,13
65,field_type,0.018073487390558415,3
215,balance,0.01791551648883208,23
210,credit,0.01524909867616169,13
212,debit,0.015249098676161678,13
218,amount_residual,0.015249098676161654,13
193,residual_company_signed,0.0152490986761615,13
191,residual,0.0152490986761615,13
192,residual_signed,0.0152490986761615,13
64,field_desc,0.014562877085025539,9
3,frame.number,0.014340301006456124,6563
62,subtype_id,0.013241070056358608,5
63,field,0.011932492512603893,6
81,product_uom,0.011032227035971464,3
14,query,0.01069286453500855,17980
41,res_model,0.010194210633779163,8
10,MessageAttributes,0.009124724969056948,22347
234,request_method_call,0.007701579440620463,350
15,tables,0.00707197927003707,35
91,price_subtotal,0.005030314561322684,12
93,price_total,0.005030314561322684,12
107,auto_delete,0.0013217536412152512,3
47,amount_total,0.0010989477699053774,13
45,amount_untaxed,0.0010989477699053774,13
19,id,0.0002494206598881598,25
71,track_sequence,2.1843614838548703e-16,4
221,user_type_id,1.31040625787699e-16,3
182,account_id,4.3680208595899653e-17,3
186,journal_id,-2.980401295312015e-17,3
171,quantity,-0.00012933792217594418,40
16,event,-0.00044941416524716093,55
17,event_with_roles,-0.0005770016864741237,64
9,MessageType,-0.0008678151554878155,5
56,message_type,-0.0009172045626806702,3
12,session_class,-0.0012340367130817308,3
7,HighestLayerProtocol,-0.0012340367130817308,3
11,query_type,-0.001448297724355234,3
8,MessageType_WithRole,-0.0014527043731707805,14
52,body,-0.0020604476457556703,375
249,product_template_id,-0.0031380921095127954,17
240,message_id_4,-0.003211649082449515,5
235,starting_frame_number,-0.0036396657694887286,1252
20,create_uid,-0.0038862110828502315,3
22,write_uid,-0.004091046287854422,3
55,message_id,-0.004901439596693364,2631
35,state,-0.005298653511281726,14
49,invoice_status,-0.007715989536931778,3
236,message_id_0,-0.008878693588710488,2631
67,new_value_char,-0.010103205396727308,9
57,model,-0.010765695497967355,7
28,partner_id,-0.012016708632717098,9
85,sequence,-0.016861915801231225,7
1,BusinessActivity,-0.017239452690265413,8
104,invoice_count,-0.018251920880441714,3
68,new_value_integer,-0.01828276484171316,8
128,type,-0.021136979503622387,3
105,picking_count,-0.03014674146898607,3
130,checksum,-0.03703219179781643,257
132,store_fname,-0.03703219179781643,257
6,session_generalized,-0.04904032856986741,151
79,product_id,-0.05694156886790423,23
123,res_partner_id,-0.05832543473415112,6
170,product_tmpl_id,-0.22008734719419187,17
103,requisition_id,-0.4125984678325544,68
13,filter_flag,,1
18,noise_event,,1
21,create_date,,2
23,write_date,,2
24,company_id,,2
27,note,,1
29,partner_invoice_id,,2
30,partner_shipping_id,,2
31,picking_policy,,2
32,pricelist_id,,2
33,require_payment,,2
34,require_signature,,2
36,team_id,,2
37,user_id,,2
38,validity_date,,1
39,warehouse_id,,2
43,mail_message_subtype_id,,2
44,currency_rate,,2
46,amount_tax,,2
48,effective_date,,1
50,add_sign,,2
51,author_id,,2
54,email_from,,2
58,no_auto_thread,,2
60,reply_to,,2
69,old_value_char,,1
70,old_value_integer,,2
72,customer_lead,,2
73,discount,,2
74,display_type,,1
75,is_downpayment,,2
76,is_expense,,2
80,product_packaging,,1
83,qty_delivered,,2
84,qty_delivered_manual,,2
87,currency_id,,2
88,salesman_id,,2
89,qty_delivered_method,,2
90,qty_invoiced,,2
92,price_tax,,2
97,order_partner_id,,2
98,untaxed_amount_invoiced,,2
100,picking_type_id,,2
101,type_id,,2
108,auto_delete_message,,2
109,composition_mode,,2
110,is_log,,2
111,notify,,2
113,template_id,,1
114,use_active_domain,,2
115,mail_activity_type_id,,1
116,mail_server_id,,1
118,email_cc,,1
119,email_to,,1
120,notification,,2
124,active,,2
126,mimetype,,2
127,public,,2
131,index_content,,2
133,db_datas,,1
134,res_model_name,,2
138,failure_reason,,2
140,move_type,,2
142,immediate_transfer,,2
143,is_locked,,2
144,location_dest_id,,2
147,printed,,2
148,sale_id,,1
149,priority,,2
151,old_value_datetime,,1
152,additional,,2
155,procure_method,,2
156,propagate,,2
158,scrapped,,2
159,to_refund,,2
161,route_id,,2
165,product_uom_id,,2
167,delay,,2
168,min_qty,,2
178,lot_id,,1
179,owner_id,,1
180,package_id,,1
181,reserved_quantity,,2
183,comment,,1
185,incoterm_id,,1
188,reconciled,,2
189,sent,,2
200,is_rounding_line,,2
204,auto_reverse,,2
205,narration,,1
207,amount_currency,,2
208,analytic_account_id,,1
209,blocked,,2
213,tax_exigible,,2
214,tax_line_id,,1
217,tax_base_amount,,2
219,amount_residual_currency,,2
220,statement_id,,1
222,matched_percentage,,2
223,debit_cash_basis,,2
224,credit_cash_basis,,2
225,balance_cash_basis,,2
226,company_currency_id,,2
227,ir_sequence_date_range_id,,2
229,payment_difference_handling,,2
230,payment_method_id,,2
231,payment_type,,2
232,writeoff_label,,2
242,fetchmail_server_id,,2
